{
  "bottom_decile_bps": -89.03434628311764,
  "decile_mean_fwd_bps": {
    "0": -89.03434628311764,
    "1": -56.8449079272308,
    "2": 79.27040121943885,
    "3": -165.08230155037072,
    "4": 141.67710498594943,
    "5": 24.188027782293343,
    "6": 37.76931485619777,
    "7": 81.03371501582534,
    "8": 275.0628631566333,
    "9": 107.72812263137614
  },
  "decile_monotonicity": 0.6720172727988215,
  "generated_at_utc": "2026-07-13T02:24:18.339005+00:00",
  "gross_spread_bps": 196.76246891449378,
  "horizon_days": 7,
  "n_obs": 1936,
  "net_spread_bps": 184.76246891449378,
  "round_trip_cost_bps": 12.0,
  "task": "TASK-ALT-011 economic check (ADR-0032): vrp_z@7d decile spread vs cost",
  "top_decile_bps": 107.72812263137614
}