pair,cost_gated_pass,combined_median_spread_bps,combined_p95_spread_bps,combined_p99_spread_bps,reasons
ARBUSDT/OPUSDT,True,1.650881189729628,4.768241965667548,15.525922405184804,
ADAUSDT/DOTUSDT,False,5.531191175032886,6.176801748070391,12.713424900320689,LEG_COST_EVIDENCE_INCOMPLETE
ARBUSDT/ETCUSDT,True,1.4825268529789053,4.297173688899218,14.949652224343065,
ARBUSDT/DOTUSDT,True,2.902261673569754,4.267611624185187,10.916323920027192,
AVAXUSDT/DOTUSDT,True,2.7849688370350223,4.070575819956665,11.72017040232028,
DOTUSDT/ETCUSDT,True,2.5991539566635833,4.611043737519018,13.422186494353465,
