{
  "classes": {
    "commodities": {
      "buy_hold": {
        "max_dd": 0.1791622196769617,
        "n": 150,
        "net": 0.34708460238630773,
        "sharpe": 0.6654267436766396
      },
      "sub_period_tsm": {
        "2023-06_2024-05": 0.4993029140478957,
        "2024-06_2025-05": -0.1713095177473902,
        "2025-06_2026-05": 0.1319897346986182
      },
      "symbols": [
        "CL=F",
        "GC=F",
        "HG=F",
        "NG=F",
        "SI=F",
        "ZC=F",
        "ZS=F",
        "ZW=F"
      ],
      "tsm": {
        "max_dd": 0.11491881046656471,
        "n": 150,
        "net": 0.05773112089769606,
        "sharpe": 0.1760762425972276
      }
    },
    "etfs": {
      "buy_hold": {
        "max_dd": 0.09487674961416137,
        "n": 150,
        "net": 0.4826131512634002,
        "sharpe": 1.4378480476215645
      },
      "sub_period_tsm": {
        "2023-06_2024-05": 0.2841130543812988,
        "2024-06_2025-05": -0.8414610656043034,
        "2025-06_2026-05": 1.1326692451910823
      },
      "symbols": [
        "DIA",
        "EEM",
        "EFA",
        "GLD",
        "IEF",
        "IWM",
        "QQQ",
        "SLV",
        "SPY",
        "TLT",
        "XLE",
        "XLF"
      ],
      "tsm": {
        "max_dd": 0.1421613465654216,
        "n": 150,
        "net": 0.02589643395194985,
        "sharpe": 0.12573200965139056
      }
    },
    "forex": {
      "buy_hold": {
        "max_dd": 0.03913110886006739,
        "n": 155,
        "net": 0.03439523763997972,
        "sharpe": 0.4389201071037715
      },
      "sub_period_tsm": {
        "2023-06_2024-05": -0.08877815941810767,
        "2024-06_2025-05": 0.8464259184620975,
        "2025-06_2026-05": -1.7044276184998808
      },
      "symbols": [
        "AUDUSD=X",
        "EURUSD=X",
        "GBPUSD=X",
        "JPY=X",
        "NZDUSD=X",
        "USDCAD=X",
        "USDCHF=X"
      ],
      "tsm": {
        "max_dd": 0.07311794636346722,
        "n": 155,
        "net": -0.020364498337681624,
        "sharpe": -0.15656763542133095
      }
    },
    "indices": {
      "buy_hold": {
        "max_dd": 0.17178417862028966,
        "n": 155,
        "net": 0.4868505849906321,
        "sharpe": 1.1159151739344408
      },
      "sub_period_tsm": {
        "2023-06_2024-05": -0.5443711446856652,
        "2024-06_2025-05": -0.7321977894377404,
        "2025-06_2026-05": 0.4780814203070501
      },
      "symbols": [
        "^DJI",
        "^FTSE",
        "^GDAXI",
        "^GSPC",
        "^N225",
        "^NDX",
        "^RUT"
      ],
      "tsm": {
        "max_dd": 0.20375600513170508,
        "n": 155,
        "net": -0.10998888389159252,
        "sharpe": -0.29403659752156136
      }
    }
  },
  "generated_at_utc": "2026-07-17T21:44:35.428282+00:00",
  "summary": {
    "n_run": 4,
    "wins": 0
  },
  "task": "TASK-TSM-012 cross-asset-class generalization of the TSM (ADR-0031)"
}