{
  "generated_at_utc": "2026-07-13T22:37:42.790091+00:00",
  "headline": {
    "base": {
      "max_dd": 0.8014299227224204,
      "n": 219,
      "net": 1.1262124214885354,
      "sharpe": 0.5765205139566354
    },
    "buy_hold": {
      "max_dd": 1.9942828343933179,
      "n": 219,
      "net": -1.0102332560530987,
      "sharpe": -0.4286086500288282
    },
    "combined": {
      "max_dd": 0.9329795915205723,
      "n": 219,
      "net": 0.673228380679993,
      "sharpe": 0.33474830487950036
    }
  },
  "kept_symbols": [
    "AAVEUSDT",
    "ALGOUSDT",
    "AXSUSDT",
    "CRVUSDT",
    "FILUSDT",
    "GRTUSDT",
    "ICPUSDT",
    "MANAUSDT",
    "NEARUSDT",
    "SANDUSDT"
  ],
  "sub_periods": [
    {
      "buy_hold": {
        "max_dd": 0.5311715355401359,
        "n": 74,
        "net": 0.38271555720743883,
        "sharpe": 0.4996088455802828
      },
      "combined": {
        "max_dd": 0.25700336400264795,
        "n": 74,
        "net": 0.5461284289331106,
        "sharpe": 1.047994405626386
      },
      "period": "2023-06_2024-05"
    },
    {
      "buy_hold": {
        "max_dd": 1.169610893878182,
        "n": 73,
        "net": -0.4964318188088841,
        "sharpe": -0.5302133739853016
      },
      "combined": {
        "max_dd": 0.9329795915205723,
        "n": 73,
        "net": 0.0926329535622796,
        "sharpe": 0.12352747668224018
      },
      "period": "2024-06_2025-05"
    },
    {
      "buy_hold": {
        "max_dd": 1.2026759965614908,
        "n": 72,
        "net": -0.8965169944516536,
        "sharpe": -1.424814095459856
      },
      "combined": {
        "max_dd": 0.6505809023388944,
        "n": 72,
        "net": 0.03446699818460286,
        "sharpe": 0.04774338529038306
      },
      "period": "2025-06_2026-05"
    }
  ],
  "task": "TASK-TSM-009 out-of-universe generalization test (ADR-0031)"
}