{
  "btc_regime": [
    {
      "base": {
        "max_dd": 0.2854209655208063,
        "n": 126,
        "net": 0.66233983540419,
        "sharpe": 0.8741767350671938
      },
      "combined": {
        "max_dd": 0.2501461630637316,
        "n": 126,
        "net": 0.914356860625445,
        "sharpe": 1.1708450490572702
      },
      "erc": {
        "max_dd": 0.26766578823433484,
        "n": 126,
        "net": 0.7632932821181977,
        "sharpe": 0.9968992671658254
      },
      "regime": "BTC_up",
      "vol_target": {
        "max_dd": 0.2512690236450804,
        "n": 126,
        "net": 0.8154811439534876,
        "sharpe": 1.0580297641953864
      }
    },
    {
      "base": {
        "max_dd": 0.3297287508818028,
        "n": 93,
        "net": 0.6048622428843036,
        "sharpe": 1.0959304878959595
      },
      "combined": {
        "max_dd": 0.27318105042932184,
        "n": 93,
        "net": 0.6174780826638724,
        "sharpe": 1.199494642125226
      },
      "erc": {
        "max_dd": 0.3213494166079012,
        "n": 93,
        "net": 0.5906380908433201,
        "sharpe": 1.0927755055644843
      },
      "regime": "BTC_down",
      "vol_target": {
        "max_dd": 0.27893607392562914,
        "n": 93,
        "net": 0.6066731005677624,
        "sharpe": 1.176460691313969
      }
    }
  ],
  "cost_sensitivity": [
    {
      "base": {
        "max_dd": 0.34055595231531344,
        "n": 219,
        "net": 1.3272558334606623,
        "sharpe": 1.0157410760100143
      },
      "combined": {
        "max_dd": 0.3038766376608748,
        "n": 219,
        "net": 1.5814364419282132,
        "sharpe": 1.2211967088297189
      },
      "cost_bps_per_leg": 0.0,
      "erc": {
        "max_dd": 0.31972894090338855,
        "n": 219,
        "net": 1.4059900800270886,
        "sharpe": 1.0786634705236633
      },
      "vol_target": {
        "max_dd": 0.3228377617213012,
        "n": 219,
        "net": 1.4773882700976881,
        "sharpe": 1.149683304424829
      }
    },
    {
      "base": {
        "max_dd": 0.34698069756361516,
        "n": 219,
        "net": 1.2672020782884936,
        "sharpe": 0.9697595937420403
      },
      "combined": {
        "max_dd": 0.3092598003130342,
        "n": 219,
        "net": 1.5318349432893175,
        "sharpe": 1.1830241156193528
      },
      "cost_bps_per_leg": 6.0,
      "erc": {
        "max_dd": 0.3257065299439967,
        "n": 219,
        "net": 1.3539313729615179,
        "sharpe": 1.0386722652191573
      },
      "vol_target": {
        "max_dd": 0.3286248138557279,
        "n": 219,
        "net": 1.4221542445212498,
        "sharpe": 1.1066916789439827
      }
    },
    {
      "base": {
        "max_dd": 0.3566178154360678,
        "n": 219,
        "net": 1.1771214455302408,
        "sharpe": 0.9007654187381149
      },
      "combined": {
        "max_dd": 0.31735505784452206,
        "n": 219,
        "net": 1.4573720642384598,
        "sharpe": 1.125655029827429
      },
      "cost_bps_per_leg": 15.0,
      "erc": {
        "max_dd": 0.334672913504909,
        "n": 219,
        "net": 1.2758433123631612,
        "sharpe": 0.9786626627092384
      },
      "vol_target": {
        "max_dd": 0.3373248605476461,
        "n": 219,
        "net": 1.339270708718582,
        "sharpe": 1.0421284978589391
      }
    },
    {
      "base": {
        "max_dd": 0.3726796785568224,
        "n": 219,
        "net": 1.026987057599819,
        "sharpe": 0.7857343093361431
      },
      "combined": {
        "max_dd": 0.33090389884907134,
        "n": 219,
        "net": 1.3330893730630797,
        "sharpe": 1.0297539932496318
      },
      "cost_bps_per_leg": 30.0,
      "erc": {
        "max_dd": 0.3496168861064295,
        "n": 219,
        "net": 1.1456965446992342,
        "sharpe": 0.8786024541955516
      },
      "vol_target": {
        "max_dd": 0.3518789595235392,
        "n": 219,
        "net": 1.2010283658328307,
        "sharpe": 0.9343357546627508
      }
    }
  ],
  "generated_at_utc": "2026-07-13T15:56:31.130219+00:00",
  "headline": {
    "base": {
      "max_dd": 0.34698069756361516,
      "n": 219,
      "net": 1.2672020782884936,
      "sharpe": 0.9697595937420403
    },
    "combined": {
      "max_dd": 0.3092598003130342,
      "n": 219,
      "net": 1.5318349432893175,
      "sharpe": 1.1830241156193528
    },
    "erc": {
      "max_dd": 0.3257065299439967,
      "n": 219,
      "net": 1.3539313729615179,
      "sharpe": 1.0386722652191573
    },
    "vol_target": {
      "max_dd": 0.3286248138557279,
      "n": 219,
      "net": 1.4221542445212498,
      "sharpe": 1.1066916789439827
    }
  },
  "sub_periods": [
    {
      "base": {
        "max_dd": 0.20796717563112677,
        "n": 74,
        "net": 0.5695712492450197,
        "sharpe": 1.5558324921689615
      },
      "combined": {
        "max_dd": 0.1471584518153246,
        "n": 74,
        "net": 0.501024765460884,
        "sharpe": 1.671487497066497
      },
      "erc": {
        "max_dd": 0.20555662044446557,
        "n": 74,
        "net": 0.5943011709908792,
        "sharpe": 1.6180609803987323
      },
      "period": "2023-06_2024-05",
      "vol_target": {
        "max_dd": 0.15017581220390394,
        "n": 74,
        "net": 0.4769413529386476,
        "sharpe": 1.5913390733483213
      }
    },
    {
      "base": {
        "max_dd": 0.3469806975636152,
        "n": 73,
        "net": 0.3111855731157281,
        "sharpe": 0.5855386502417977
      },
      "combined": {
        "max_dd": 0.30925980031303435,
        "n": 73,
        "net": 0.36627841915506054,
        "sharpe": 0.7545629846381687
      },
      "erc": {
        "max_dd": 0.3257065299439967,
        "n": 73,
        "net": 0.35812396511424127,
        "sharpe": 0.6626307079944134
      },
      "period": "2024-06_2025-05",
      "vol_target": {
        "max_dd": 0.32862481385572784,
        "n": 73,
        "net": 0.3188109653198127,
        "sharpe": 0.6679455354622308
      }
    },
    {
      "base": {
        "max_dd": 0.24237328418102977,
        "n": 72,
        "net": 0.38644525592774615,
        "sharpe": 0.9748185754879608
      },
      "combined": {
        "max_dd": 0.260569845656222,
        "n": 72,
        "net": 0.6645317586733729,
        "sharpe": 1.3682611766217079
      },
      "erc": {
        "max_dd": 0.22608652211260116,
        "n": 72,
        "net": 0.40150623685639725,
        "sharpe": 1.0578528240546523
      },
      "period": "2025-06_2026-05",
      "vol_target": {
        "max_dd": 0.2638415023347433,
        "n": 72,
        "net": 0.6264019262627897,
        "sharpe": 1.2916412304050986
      }
    }
  ],
  "task": "TASK-TSM-008 combined ERC + vol-target dev run (ADR-0031) -- DEVELOPMENT"
}