{
  "generated_at_utc": "2026-07-17T23:44:14.126069+00:00",
  "result": {
    "n_universes": 7,
    "per_universe": {
      "defi": {
        "drawdown": {
          "frac_underwater": 0.8493150684931506,
          "max_duration_days": 415,
          "max_duration_rebalances": 83
        },
        "full_sharpe": 0.8323436769898711,
        "rolling_w12": {
          "frac_positive": 0.8503401360544217,
          "longest_negative_run": 20,
          "max": 1.5915486869458906,
          "median": 0.8680523308344521,
          "min": -0.5936426661579978,
          "n_windows": 147
        },
        "rolling_w6": {
          "frac_positive": 0.7486338797814208,
          "longest_negative_run": 35,
          "max": 2.8173688455252206,
          "median": 1.1420147123301938,
          "min": -2.6421190201670157,
          "n_windows": 183
        },
        "sub_period_sharpe": {
          "2023-06_2024-05": 1.4090250719799842,
          "2024-06_2025-05": 0.9244902317614372,
          "2025-06_2026-05": -0.015236945307022961
        }
      },
      "gaming": {
        "drawdown": {
          "frac_underwater": 0.8127853881278538,
          "max_duration_days": 300,
          "max_duration_rebalances": 60
        },
        "full_sharpe": 1.0042704605116195,
        "rolling_w12": {
          "frac_positive": 1.0,
          "longest_negative_run": 0,
          "max": 1.7022494516082922,
          "median": 0.752703560663377,
          "min": 0.13402389251112312,
          "n_windows": 147
        },
        "rolling_w6": {
          "frac_positive": 0.8087431693989071,
          "longest_negative_run": 20,
          "max": 3.4404231337480886,
          "median": 1.0767856097595578,
          "min": -2.144930679944311,
          "n_windows": 183
        },
        "sub_period_sharpe": {
          "2023-06_2024-05": 1.5296469357026459,
          "2024-06_2025-05": 0.4855408666778234,
          "2025-06_2026-05": 1.2429603883034992
        }
      },
      "large_cap": {
        "drawdown": {
          "frac_underwater": 0.7945205479452054,
          "max_duration_days": 135,
          "max_duration_rebalances": 27
        },
        "full_sharpe": 0.9870514136339106,
        "rolling_w12": {
          "frac_positive": 1.0,
          "longest_negative_run": 0,
          "max": 1.9419278499005517,
          "median": 0.880817851669386,
          "min": 0.358012868414263,
          "n_windows": 147
        },
        "rolling_w6": {
          "frac_positive": 0.9180327868852459,
          "longest_negative_run": 9,
          "max": 3.2435181722244586,
          "median": 1.0772965715674063,
          "min": -0.9093431916873225,
          "n_windows": 183
        },
        "sub_period_sharpe": {
          "2023-06_2024-05": 1.8899903051211662,
          "2024-06_2025-05": 0.36988963662904595,
          "2025-06_2026-05": 0.9709993990509234
        }
      },
      "mid_alt_l1": {
        "drawdown": {
          "frac_underwater": 0.8538812785388128,
          "max_duration_days": 415,
          "max_duration_rebalances": 83
        },
        "full_sharpe": 0.6499991716958156,
        "rolling_w12": {
          "frac_positive": 0.7687074829931972,
          "longest_negative_run": 26,
          "max": 2.2565073951231254,
          "median": 0.4124030958562406,
          "min": -0.7833023004824092,
          "n_windows": 147
        },
        "rolling_w6": {
          "frac_positive": 0.6939890710382514,
          "longest_negative_run": 29,
          "max": 3.268298013660919,
          "median": 0.6259719892328971,
          "min": -2.61929566206558,
          "n_windows": 183
        },
        "sub_period_sharpe": {
          "2023-06_2024-05": 1.6926876175286198,
          "2024-06_2025-05": 0.3131479997658378,
          "2025-06_2026-05": 0.10696739253513364
        }
      },
      "mid_tier_ref": {
        "drawdown": {
          "frac_underwater": 0.867579908675799,
          "max_duration_days": 415,
          "max_duration_rebalances": 83
        },
        "full_sharpe": 0.5765205139566354,
        "rolling_w12": {
          "frac_positive": 0.8707482993197279,
          "longest_negative_run": 18,
          "max": 1.7097559190170843,
          "median": 0.438458370060223,
          "min": -0.5707232617104468,
          "n_windows": 147
        },
        "rolling_w6": {
          "frac_positive": 0.6775956284153005,
          "longest_negative_run": 28,
          "max": 2.7817107805766024,
          "median": 0.6833388770495492,
          "min": -2.006545044255018,
          "n_windows": 183
        },
        "sub_period_sharpe": {
          "2023-06_2024-05": 1.3308256329659685,
          "2024-06_2025-05": 0.323994413206848,
          "2025-06_2026-05": 0.04372012642376944
        }
      },
      "old_guard": {
        "drawdown": {
          "frac_underwater": 0.8904109589041096,
          "max_duration_days": 200,
          "max_duration_rebalances": 40
        },
        "full_sharpe": 0.46175951112648567,
        "rolling_w12": {
          "frac_positive": 0.8775510204081632,
          "longest_negative_run": 18,
          "max": 1.2529905302413242,
          "median": 0.5807772864744675,
          "min": -0.7401774862332922,
          "n_windows": 147
        },
        "rolling_w6": {
          "frac_positive": 0.7158469945355191,
          "longest_negative_run": 14,
          "max": 2.4122840906726175,
          "median": 0.4013851614261755,
          "min": -1.6788794994401974,
          "n_windows": 183
        },
        "sub_period_sharpe": {
          "2023-06_2024-05": 0.3143411640052879,
          "2024-06_2025-05": 0.5023172045440693,
          "2025-06_2026-05": 0.5917199196332958
        }
      },
      "original_20": {
        "drawdown": {
          "frac_underwater": 0.8264840182648402,
          "max_duration_days": 155,
          "max_duration_rebalances": 31
        },
        "full_sharpe": 0.9697595937420403,
        "rolling_w12": {
          "frac_positive": 1.0,
          "longest_negative_run": 0,
          "max": 1.7841147658040568,
          "median": 0.8511534882148983,
          "min": 0.2026907688614473,
          "n_windows": 147
        },
        "rolling_w6": {
          "frac_positive": 0.8524590163934426,
          "longest_negative_run": 13,
          "max": 2.567913023008601,
          "median": 1.0145349095965046,
          "min": -0.8959758081534227,
          "n_windows": 183
        },
        "sub_period_sharpe": {
          "2023-06_2024-05": 1.5558324921689615,
          "2024-06_2025-05": 0.5855386502417977,
          "2025-06_2026-05": 0.9748185754879608
        }
      }
    },
    "pooled_rolling": {
      "w12": {
        "frac_positive": 0.9096209912536443,
        "n_windows": 1029
      },
      "w6": {
        "frac_positive": 0.7736143637782982,
        "n_windows": 1281
      }
    },
    "positive_subperiod_counts": {
      "defi": 2,
      "gaming": 3,
      "large_cap": 3,
      "mid_alt_l1": 3,
      "mid_tier_ref": 3,
      "old_guard": 3,
      "original_20": 3
    },
    "sub_period_cross_universe": {
      "2023-06_2024-05": {
        "frac_positive": 1.0,
        "max": 1.8899903051211662,
        "mean": 1.3889070313532337,
        "min": 0.3143411640052879,
        "std": 0.5081844989106478
      },
      "2024-06_2025-05": {
        "frac_positive": 1.0,
        "max": 0.9244902317614372,
        "mean": 0.5007027146895514,
        "min": 0.3131479997658378,
        "std": 0.21234411540950898
      },
      "2025-06_2026-05": {
        "frac_positive": 0.8571428571428571,
        "max": 1.2429603883034992,
        "mean": 0.5594212651610799,
        "min": -0.015236945307022961,
        "std": 0.5181882945863169
      }
    },
    "sub_period_negatives": [
      {
        "sharpe": -0.015236945307022961,
        "sub_period": "2025-06_2026-05",
        "universe": "defi"
      }
    ],
    "weakest_sub_period": "2024-06_2025-05"
  },